caption,filepath
"Bathyraja spinosissima glides over rocky substrate, displaying a flattened body with a light gray coloration and prominent pectoral fins.",src/data/Fathomnet-by-Phylum-2/images/original/001c55a1-6a39-4f0b-8cba-70efa5b6ef0e_original.jpg
"Cystechinus giganteus exhibits a pale, rounded shape on a sandy seafloor, surrounded by fine silt and scattered organic debris.",src/data/Fathomnet-by-Phylum-2/images/original/0064284a-99a0-4ad2-b607-828fe49e4b39_original.jpg
"On a rugged basalt rock, a single Antimora microlepis displays a dark, elongated body against the textured surface.",src/data/Fathomnet-by-Phylum-2/images/original/0119ae5f-0b36-48c1-875a-bb37907cec57_original.jpg
"On a rugged basalt rock, a single Peniagone rests among the crevices, with fine textures contrasting against the dark substrate.",src/data/Fathomnet-by-Phylum-2/images/original/014885ae-6715-4485-b59c-2f2bbae53cd7_original.jpg
"Textured, dark rock substrate features sparse Munnopsidae, exhibiting a pale coloration against the surrounding deep-sea environment.",src/data/Fathomnet-by-Phylum-2/images/original/01f4b828-a8b8-413a-81fb-018fafe28074_original.jpg
"On a rugged basalt rock, a single Pterasteridae displays its vibrant yellow coloration against the dark, textured substrate.",src/data/Fathomnet-by-Phylum-2/images/original/024b57e3-3fe4-44e2-8ca1-d5887632c162_original.jpg
"Across a fine silt seafloor, three brittle stars (Ophiuroidea) and a large sea urchin (Cystechinus giganteus) are observed.",src/data/Fathomnet-by-Phylum-2/images/original/04d688a8-3307-4091-be68-88e5cd809629_original.jpg
"Translucent Bathyraja abyssicola rests on a sandy seafloor, showcasing its flat body and long, slender tail against a backdrop of fine sediment.",src/data/Fathomnet-by-Phylum-2/images/original/0632ef53-e09f-4b0e-96f7-2a87d0816b76_original.jpg
"Translucent Chrysogorgia extends from a rocky crevice, contrasting against the textured gray substrate of the seafloor.",src/data/Fathomnet-by-Phylum-2/images/original/06bd1304-4450-4eca-bc8a-8329365da0c4_original.jpg
"On a rugged basalt rock, a single Holothuroidea rests among the crevices, blending with the dark, textured surface.",src/data/Fathomnet-by-Phylum-2/images/original/072a0020-bf83-4edb-99e9-cbd0f4f01c41_original.jpg
"Textured, dark rocks cover the seafloor, interspersed with patches of soft sand, creating a habitat for benthic organisms.",src/data/Fathomnet-by-Phylum-2/images/original/07e8edc6-46b0-4aa3-9251-aca3f50b754f_original.jpg
"A yellow starfish rests on a rocky seafloor, surrounded by textured boulders and patches of dark silt.",src/data/Fathomnet-by-Phylum-2/images/original/07f19530-a0c3-4a49-ab20-77f65c576d60_original.jpg
"Across a rocky seafloor, various sediment textures are visible, with dark patches contrasting against lighter sandy areas.",src/data/Fathomnet-by-Phylum-2/images/original/0a1a27a9-31b6-4649-b11d-142ec5490985_original.jpg
"A pale Hymenaster starfish rests on a rocky seafloor, surrounded by dark silt and textured geological formations.",src/data/Fathomnet-by-Phylum-2/images/original/0c448dd3-51bb-478c-b1db-a8ac617cf7b5_original.jpg
"Coryphaenoides sp. rests on a rocky seafloor, surrounded by dark silt and textured sediment, exhibiting a muted coloration.",src/data/Fathomnet-by-Phylum-2/images/original/0c64c3a1-9520-4ae8-9008-feea8a78d48a_original.jpg
"Pannychia moseleyi exhibits a dark, textured body resting on a rocky seafloor, surrounded by silt and sediment.",src/data/Fathomnet-by-Phylum-2/images/original/0ceb57fe-5577-4c8c-9deb-78c8cb9ef4cf_original.jpg
"A brown Opisthoteuthis cf. californiana rests on a rocky seafloor, surrounded by patches of soft mud.",src/data/Fathomnet-by-Phylum-2/images/original/0d6d3ac3-ce5f-4cf1-a577-9b2ac77aa6dd_original.jpg
"On a rocky seafloor, a Pannychia with elongated, translucent tentacles extends above the dark substrate, surrounded by small red starfish.",src/data/Fathomnet-by-Phylum-2/images/original/0e344f98-b318-4d4b-951d-fe560e85fbb9_original.jpg
"Translucent Pteraster rests on a rocky seafloor, surrounded by dark, textured stones and patches of silt.",src/data/Fathomnet-by-Phylum-2/images/original/0e6ef718-a560-4e33-948a-9e37c909a67c_original.jpg
"Paragorgia arborea exhibits a vibrant pink color, branching structure, and is situated on a rocky substrate.",src/data/Fathomnet-by-Phylum-2/images/original/0e959176-7522-417a-92b3-00571c073b13_original.jpg
"A rocky seafloor covered in silt and mud, with scattered pebbles and a faint outline of marine organisms.",src/data/Fathomnet-by-Phylum-2/images/original/0fca4ae6-3c42-40d8-9d15-b7740fbaca16_original.jpg
"A cluster of white, branching Zoantharia extends from a rocky substrate, surrounded by dark silt and hints of marine life.",src/data/Fathomnet-by-Phylum-2/images/original/127683e5-b4af-4f77-a031-5c57b9bd06c8_original.jpg
"On a rugged basalt rock, a single Asellota is observed, blending into the textured surface amidst fine sediment.",src/data/Fathomnet-by-Phylum-2/images/original/12aaac9b-28bc-40a0-aa29-b3627c84711e_original.jpg
"On a rugged rock substrate, a Bathyraja spinosissima displays its flat, pale body, blending with the dark textures of the seafloor.",src/data/Fathomnet-by-Phylum-2/images/original/12dcc67f-27a3-4b54-af0e-6a6ee0554993_original.jpg
"On a rugged basalt rock, a single Pteraster displays its star-shaped body, blending with the textured surface beneath.",src/data/Fathomnet-by-Phylum-2/images/original/13341ec2-e241-48b4-bd6a-3fdd864dcbc7_original.jpg
"A pair of translucent physonectae float through the dark blue water, surrounded by small particles against a backdrop of silt.",src/data/Fathomnet-by-Phylum-2/images/original/1373a24a-8ed2-45c1-8912-f2ab053a25b4_original.jpg
"A pale Bathyraja microtrachys glides over a sandy substrate, surrounded by rugged, textured rocks.",src/data/Fathomnet-by-Phylum-2/images/original/13d5bd81-e946-43a2-a5f3-fd1d0a239f38_original.jpg
"A translucent Hyalonema floats above a rocky seafloor, while a Synallactes rests on the textured substrate.",src/data/Fathomnet-by-Phylum-2/images/original/13ef4af0-5308-48c8-8ab8-939fa705e2ff_original.jpg
"On a rugged basalt rock, a Bathyraja spinosissima glides with a flattened, pale body and prominent eyes, blending into the dark substrate.",src/data/Fathomnet-by-Phylum-2/images/original/150f24a0-aa88-468e-9415-f1e8ea6c7f8d_original.jpg
"Textured black rock formations cover the seafloor, surrounded by fine silt, with a single Pannychia partially visible among the geological features.",src/data/Fathomnet-by-Phylum-2/images/original/161f160c-74a2-4e37-8602-dce75c29d120_original.jpg
"On a rocky seafloor, a Bathyraja microtrachys displays a flat, grayish body and elongated tail, resting among the textured stones.",src/data/Fathomnet-by-Phylum-2/images/original/16edde01-5afb-48a9-a766-82247c057bd8_original.jpg
"Hymenaster exhibits a pale blue coloration against a backdrop of dark, textured rock and soft silt on the seafloor.",src/data/Fathomnet-by-Phylum-2/images/original/17dca085-0aa8-47c3-be60-b66c844d5778_original.jpg
"Synallactes exhibit a pink, elongated body on a rocky seafloor, surrounded by small, pale echinoderms and fine sediment.",src/data/Fathomnet-by-Phylum-2/images/original/17e0206a-a723-4a6f-8acd-4ab529d08b51_original.jpg
"On a rugged basalt rock, a Synallactes displays its elongated body and smooth, pale skin against the dark, textured substrate.",src/data/Fathomnet-by-Phylum-2/images/original/18e1c8a3-6569-4b6a-a176-918214424ad7_original.jpg
"Bathyraja spinosissima glides over a sandy substrate, displaying a flattened body and smooth, grayish skin.",src/data/Fathomnet-by-Phylum-2/images/original/19b1a75c-511c-413e-85cc-65c7957af717_original.jpg
"A Coryphaenoides rests on a rocky seafloor, surrounded by dark, textured volcanic rock and patches of silt.",src/data/Fathomnet-by-Phylum-2/images/original/19b92796-58d7-4bf6-8ea7-d5bf8c02705b_original.jpg
"Pannychia moseleyi exhibits a translucent, elongated body with feathery appendages, resting on a substrate of silt and rock.",src/data/Fathomnet-by-Phylum-2/images/original/1a04e0ce-32b1-4f9b-84a2-74d439287f3c_original.jpg
"On a rugged basalt rock, a Pteraster starfish rests, showcasing its textured surface against the dark seafloor backdrop.",src/data/Fathomnet-by-Phylum-2/images/original/1a19cab1-342d-4a40-b1e2-f62e71c72b83_original.jpg
"A dark-colored Antimora microlepis with prominent blue eyes swims above a rocky seafloor, showcasing its elongated body and whisker-like barbels.",src/data/Fathomnet-by-Phylum-2/images/original/1a3a8b2c-9f0c-4757-9ebb-2a9dc2c381a2_original.jpg
"A pink Pteraster starfish rests on a rocky seafloor, showcasing its textured arms against the dark substrate.",src/data/Fathomnet-by-Phylum-2/images/original/1ba6b4bd-f70c-4d88-822f-0edf2050fe5b_original.jpg
"A pale Opisthoteuthis cf. californiana rests on a sandy substrate, surrounded by dark, textured rocks.",src/data/Fathomnet-by-Phylum-2/images/original/1bec787f-0fdd-4956-9d74-2aea731011aa_original.jpg
"A Coryphaenoides swims over a textured rock substrate, surrounded by dark water and faint light.",src/data/Fathomnet-by-Phylum-2/images/original/1c628f9e-65a7-4df2-88e8-be6ec37875ae_original.jpg
"On a rugged basalt rock, a Pannychia moseleyi displays its elongated, pale body amidst the dark, textured substrate.",src/data/Fathomnet-by-Phylum-2/images/original/1c742e9e-3445-46d6-9c6a-ad6949846fd1_original.jpg
"On a rugged basalt rock, two Synallactes exhibit elongated bodies with a smooth texture, blending into the dark seafloor environment.",src/data/Fathomnet-by-Phylum-2/images/original/1c8a72dd-2e3f-4f1f-b687-790d589a9dc0_original.jpg
"Textured, dark substrate covered with fine silt, featuring a solitary Pannychia, blending into the surrounding environment.",src/data/Fathomnet-by-Phylum-2/images/original/1d66350e-5479-44b3-96c4-7d8ed33e6639_original.jpg
"Three brittle stars with long, slender arms are scattered across a sandy seafloor, blending into the muted colors of the substrate.",src/data/Fathomnet-by-Phylum-2/images/original/1dd8a3f7-cbd5-460e-b9cf-9c945db23b0f_original.jpg
"Cystechinus giganteus exhibits a spiny texture, resting on a rocky substrate amidst a backdrop of dark silt.",src/data/Fathomnet-by-Phylum-2/images/original/1e6902f6-6cc8-448a-b716-5201402c243c_original.jpg
"Dark, elongated Antimora microlepis rests among textured, rounded rocks on a sandy seafloor, blending with the muted underwater landscape.",src/data/Fathomnet-by-Phylum-2/images/original/1ed3fe06-cfd9-4375-8021-650112160a2b_original.jpg
"Dark, elongated Antimora microlepis swims near textured rock substrate, accompanied by delicate white Octocorallia on the seafloor.",src/data/Fathomnet-by-Phylum-2/images/original/207e8e0e-f48a-40da-8e68-e6802016c275_original.jpg
"Antimora microlepis exhibits a slender, elongated body with a dark coloration, resting on a textured silt substrate interspersed with pale, round structures.",src/data/Fathomnet-by-Phylum-2/images/original/2189a3e2-0b36-4dd8-9443-d19e47ae1bb7_original.jpg
"A small, rounded Opisthoteuthis cf. californiana with a light brown hue drifts above a sandy seafloor, surrounded by fine particles.",src/data/Fathomnet-by-Phylum-2/images/original/23805f49-26b8-4fa2-a247-f20916e261d9_original.jpg
"Pale, dome-shaped Hymenaster rests on a dark, rocky substrate, exhibiting a textured surface with fine, hair-like projections.",src/data/Fathomnet-by-Phylum-2/images/original/23e9dc62-7585-4494-9728-597c2020de79_original.jpg
"A Keratoisis with a branching, white structure is present against a dark, rocky substrate, accompanied by orange and pink anemones.",src/data/Fathomnet-by-Phylum-2/images/original/248a60f7-057e-420a-9078-9a8432a0addb_original.jpg
"Psychrolutes phrictus exhibits a pale, gelatinous body on a rocky seafloor, surrounded by dark, textured sediment.",src/data/Fathomnet-by-Phylum-2/images/original/2497f725-5471-4879-a6c2-484a402839d9_original.jpg
"A pale Psychrolutes phrictus rests on a rocky seafloor, displaying a rounded body and a mottled texture against the dark substrate.",src/data/Fathomnet-by-Phylum-2/images/original/24a09dc2-b27b-4695-8b16-e7da55cbb991_original.jpg
"Munidopsis sp. exhibits a pale coloration against a backdrop of rough rock and fine silt, partially hidden in a crevice.",src/data/Fathomnet-by-Phylum-2/images/original/24dcc7ed-6c96-4c9c-8055-aace1258ddc1_original.jpg
"Antimora microlepis swims above a rocky seafloor, displaying a silvery body against the dark backdrop of the deep ocean.",src/data/Fathomnet-by-Phylum-2/images/original/26393f1f-d85e-45b1-ad07-47e82d3dad23_original.jpg
"Textured, dark rock substrate hosts a single Synallactes, featuring a pale, elongated body amidst the rugged seafloor landscape.",src/data/Fathomnet-by-Phylum-2/images/original/26586708-a08b-4a6b-bd31-0251627c918c_original.jpg
"Peniagone sp. exhibits a pale, elongated body against a backdrop of dark, textured rock and silt on the seafloor.",src/data/Fathomnet-by-Phylum-2/images/original/27c55340-d38d-4ca2-8d85-de05c9d49b36_original.jpg
"On a rocky seafloor, a yellowish crab is observed atop a vibrant pink Paragorgia arborea, showcasing its intricate branching structure.",src/data/Fathomnet-by-Phylum-2/images/original/289b9463-bec3-4b98-87ac-6ce2bd2c2251_original.jpg
"Across a fine silt seafloor, a single brittle star (Ophiuroidea) rests, displaying slender, elongated arms against the muted background.",src/data/Fathomnet-by-Phylum-2/images/original/28bb05db-f3a2-4d83-94df-84682e5d1def_original.jpg
A large Paragorgia arborea with a branching structure rests on a rocky seafloor covered in silt.,src/data/Fathomnet-by-Phylum-2/images/original/28d8fe07-fb5b-4431-854a-0d4ed60313c8_original.jpg
"Cystechinus giganteus exhibits a reddish hue against a backdrop of silt and rocky substrate, blending into the deep-sea environment.",src/data/Fathomnet-by-Phylum-2/images/original/28dec2b8-78ea-4fe0-ad8f-9930acf053f4_original.jpg
"Textured, reddish-orange Cladorhizidae contrast with the pale, circular Swiftia kofoidi, resting on a rocky seafloor.",src/data/Fathomnet-by-Phylum-2/images/original/29149772-4d6a-40d1-af7c-2fe51ade6d69_original.jpg
"A pink Paragorgia arborea coral rests on a rocky seafloor, surrounded by dark blue water and fine sediment.",src/data/Fathomnet-by-Phylum-2/images/original/2993be81-ae0d-4b23-8796-53a394fa2bf8_original.jpg
"Textured, pink Paragorgia arborea towers over a dark, rocky seafloor, while a pale crab navigates its branching structure.",src/data/Fathomnet-by-Phylum-2/images/original/2a9b29f1-840c-4467-b6fe-a64c5e239d5d_original.jpg
"Peniagone sp. exhibits a translucent body with delicate, feathery appendages, hovering above a rocky seafloor.",src/data/Fathomnet-by-Phylum-2/images/original/2b23a3a6-5b75-413f-bc81-c4b5f3dda71b_original.jpg
"A pale Crossaster borealis rests on a rocky seafloor, its arms spread wide against the dark, textured substrate.",src/data/Fathomnet-by-Phylum-2/images/original/2b6ff1bc-6061-4ae5-9f46-7f80408a286d_original.jpg
"Psychrolutes phrictus displays a pale, bulbous body resting on a textured, sandy substrate with dark, linear patterns.",src/data/Fathomnet-by-Phylum-2/images/original/2bac7530-2e39-4547-a5ab-db12c0076ad6_original.jpg
"Bathyraja abyssicola glides over a sandy substrate, displaying a flattened body with a grayish-brown coloration and a long, slender tail.",src/data/Fathomnet-by-Phylum-2/images/original/2cab361a-f8f5-45f5-91fb-7a888c9ec837_original.jpg
"Synallactes sp. rests on a rocky substrate, surrounded by dark silt and various textured stones, exhibiting a pale purple hue.",src/data/Fathomnet-by-Phylum-2/images/original/2d0a7146-59d9-46dc-bd6c-9947825bad0d_original.jpg
"Dark, flat-bodied Bathyraja spinosissima rests on a sandy seafloor, surrounded by textured rocks and patches of silt.",src/data/Fathomnet-by-Phylum-2/images/original/2d3ef085-a4da-4b23-ad77-f136e6f95e72_original.jpg
"Pannychia sp. rests on a rocky seafloor, surrounded by fine silt and scattered pebbles, exhibiting a pale, elongated body.",src/data/Fathomnet-by-Phylum-2/images/original/2da40964-b055-4518-bf44-9b0e620f99e2_original.jpg
"Antimora microlepis exhibits a slender, elongated body with a dark coloration, resting on a sandy seafloor with scattered rocky formations.",src/data/Fathomnet-by-Phylum-2/images/original/2da95db7-c637-49cd-aa8a-fb7e29384f9a_original.jpg
"Antimora microlepis glides over a rocky seafloor, displaying a slender, elongated body with a muted coloration against the dark substrate.",src/data/Fathomnet-by-Phylum-2/images/original/2e21b32f-6f18-434c-9b9a-6d6a0b724d55_original.jpg
"A vibrant orange Poralia rufescens floats above a textured rock substrate, surrounded by fine silt particles in the deep-sea environment.",src/data/Fathomnet-by-Phylum-2/images/original/2e27fdce-fac6-4271-8d2e-114f50d1d354_original.jpg
"On a rugged basalt rock, a pale pink Crossaster borealis displays its five arms, contrasting against the dark, textured substrate.",src/data/Fathomnet-by-Phylum-2/images/original/2e4b2d1c-6dcc-4209-8d3f-c3e8be3c7c23_original.jpg
"Across a rocky seafloor, a slender Coryphaenoides acrolepis glides, showcasing its elongated body and silvery coloration against the textured substrate.",src/data/Fathomnet-by-Phylum-2/images/original/2ea570f9-4688-4fa0-91f2-7b2f6062eaa1_original.jpg
"Paragorgia arborea exhibits a bushy, pink structure atop a dark, rocky substrate, surrounded by a textured seafloor.",src/data/Fathomnet-by-Phylum-2/images/original/307c4254-ec92-4d7a-b3fc-4372cac695bb_original.jpg
"A pale Crossaster borealis rests on a rocky seafloor, contrasting with the dark textures of the substrate.",src/data/Fathomnet-by-Phylum-2/images/original/309494da-69fe-4a8f-a07f-f1deccb6a251_original.jpg
"A Coryphaenoides swims above a rocky seafloor, surrounded by dark blue water and textured sediment.",src/data/Fathomnet-by-Phylum-2/images/original/31a87b5f-45ce-43ef-bab4-b348eba09f33_original.jpg
"Across a fine silt seafloor, two Cystechinus giganteus exhibit a pale coloration, blending with the surrounding substrate.",src/data/Fathomnet-by-Phylum-2/images/original/3309ac00-6d03-4781-bd48-e9195341e17e_original.jpg
"A white Pannychia rests on a rocky seafloor, surrounded by fine silt and scattered particles.",src/data/Fathomnet-by-Phylum-2/images/original/358f1390-960c-4aa4-8340-e2b27ab674e6_original.jpg
"Across a rocky seafloor, a single Euplectellidae exhibits a translucent, umbrella-shaped body, surrounded by scattered stones and sediment.",src/data/Fathomnet-by-Phylum-2/images/original/36370f40-aca6-4e54-bf2f-d9e9392f47e6_original.jpg
"Textured, brown Opisthoteuthis cf. californiana rests on a sandy seafloor, surrounded by scattered rocks and silt.",src/data/Fathomnet-by-Phylum-2/images/original/36a7932e-12f8-46c4-95fe-8263ec1c2132_original.jpg
"On a rocky seafloor, numerous white Zoantharia with feathery tentacles surround a pale Galatheoidea, creating a textured habitat.",src/data/Fathomnet-by-Phylum-2/images/original/372051d3-ca43-43e6-a8c5-a0c92fb595f3_original.jpg
"Textured dark rock substrate hosts a Peniagone, partially obscured, amidst fine sediment and scattered silt in the deep-sea environment.",src/data/Fathomnet-by-Phylum-2/images/original/3934e0e2-6949-481e-bcd3-1169c67d287a_original.jpg
"Peniagone sp. exhibits a translucent, gelatinous body against a backdrop of dark, textured rock and silt.",src/data/Fathomnet-by-Phylum-2/images/original/394e1ee0-6b58-4f75-8842-edddf627a6d9_original.jpg
"Textured pink starfish rests on a sandy seafloor, surrounded by smooth, dark rocks and patches of silt.",src/data/Fathomnet-by-Phylum-2/images/original/39929331-e295-49a6-8b34-3b5dec7ee5f9_original.jpg
"Coryphaenoides acrolepis glides over a rocky substrate, displaying a slender body with a pale coloration and a hint of pink along its fins.",src/data/Fathomnet-by-Phylum-2/images/original/3b4fe0b2-0959-4b71-8bec-3f280477f1ac_original.jpg
"A Bathyraja microtrachys rests on a sandy seafloor, displaying a flattened body with a mottled gray coloration.",src/data/Fathomnet-by-Phylum-2/images/original/3bbed6ab-617b-4fa0-9b89-07bf1f242bd0_original.jpg
"Paragorgia arborea exhibits a vibrant pink coloration with a bushy texture, situated on a rocky seafloor.",src/data/Fathomnet-by-Phylum-2/images/original/3c9798e8-18b7-48e8-89fd-a302c7cb1617_original.jpg
"Textured, dark seafloor featuring rocky outcrops and patches of silt, with a single Coryphaenoides acrolepis resting nearby.",src/data/Fathomnet-by-Phylum-2/images/original/3e00f514-e264-4573-9b01-b754fd66cee2_original.jpg
"Coryphaenoides sp. glides over a rocky substrate, surrounded by silt and faint particles suspended in the water column.",src/data/Fathomnet-by-Phylum-2/images/original/3e01dbd5-ff56-4996-bf65-b0b72e196f11_original.jpg
"On a rugged basalt rock, a solitary Solasteridae displays its textured arms against the dark, uneven substrate.",src/data/Fathomnet-by-Phylum-2/images/original/3e0f92d9-b8c3-4c0b-9865-fa0ff39bcb36_original.jpg
A pink Pteraster with a textured surface rests on a sandy seafloor.,src/data/Fathomnet-by-Phylum-2/images/original/405f9f17-9ecf-46ad-8590-44f967731c6b_original.jpg
"A pale Hymenaster rests on a rocky seafloor, surrounded by textured stones and silt, exhibiting its star-shaped body.",src/data/Fathomnet-by-Phylum-2/images/original/409c6b1d-9dc8-42a4-b4d6-6a8d792d3b77_original.jpg
"A dark, flattened Bathyraja spinosissima rests on a rocky seafloor, blending with the textured surface beneath.",src/data/Fathomnet-by-Phylum-2/images/original/40a3cdab-8638-4320-a507-aa42a4b10a0d_original.jpg
"Across a rocky seafloor, a Bathyraja spinosissima glides over the textured surface, while Pannychia moseleyi rests nearby.",src/data/Fathomnet-by-Phylum-2/images/original/4141783d-2a0c-496d-a563-72c17abe9f09_original.jpg
"Atop a rugged rock ledge, a single Coryphaenoides acrolepis glides through the dark waters, its elongated body contrasting against the textured substrate.",src/data/Fathomnet-by-Phylum-2/images/original/42885d57-10c6-4cda-ac27-12a023133b24_original.jpg
"A pale Bathyraja abyssicola rests on a sandy substrate, showcasing its flattened body and broad pectoral fins against the muted ocean floor.",src/data/Fathomnet-by-Phylum-2/images/original/4338fb19-5f5e-4157-8025-eb2f72452e49_original.jpg
"A dark-colored Antimora microlepis swims above a rocky seafloor, surrounded by textured rocks and patches of soft sediment.",src/data/Fathomnet-by-Phylum-2/images/original/438aea1e-b1e2-4c67-a1c3-6599ca8b5e3f_original.jpg
"Ceriantharia exhibit long, slender tentacles radiating from a central body, resting on a rocky seafloor interspersed with silt.",src/data/Fathomnet-by-Phylum-2/images/original/43af30ec-c448-4b1d-8152-369887e63f9b_original.jpg
"Translucent, bell-shaped Poralia rufescens drifts through the dark blue water, surrounded by fine particles suspended in the ocean.",src/data/Fathomnet-by-Phylum-2/images/original/4508d313-082c-4c4d-b981-b6d0f194ef1f_original.jpg
"A Coryphaenoides swims above a rocky seafloor, displaying a streamlined body and a silvery sheen against the dark background.",src/data/Fathomnet-by-Phylum-2/images/original/45f8e621-4357-4a62-b3de-c6bb997d8b88_original.jpg
"Across a rocky seafloor, a slender Coryphaenoides glides over the sandy patches, showcasing its elongated body and streamlined shape.",src/data/Fathomnet-by-Phylum-2/images/original/46563a77-107a-4795-8aa8-10584abbb2e4_original.jpg
"Synallactes inhabit rocky substrates, displaying a dark, textured body against the backdrop of smooth, sandy seafloor.",src/data/Fathomnet-by-Phylum-2/images/original/4666969d-a6a6-4e12-848b-79e0d39fec67_original.jpg
"Textured rock substrate supports a solitary Synallactes, blending with the surrounding dark silt and smooth stones in the deep-sea environment.",src/data/Fathomnet-by-Phylum-2/images/original/4691de51-2cf2-4b2f-8d1f-0b694005565a_original.jpg
"Synallactes sp. exhibits a slender, elongated body with a purple hue, resting on a rocky seafloor interspersed with patches of silt.",src/data/Fathomnet-by-Phylum-2/images/original/46c88442-5c0c-49f7-851b-6e198cf53f35_original.jpg
"Textured, brown Ceriantharia with long, wispy tentacles inhabit a rocky seafloor, surrounded by fine silt and scattered debris.",src/data/Fathomnet-by-Phylum-2/images/original/47c9f848-c697-4d15-b899-4a64a987cf53_original.jpg
"A dark-colored Coryphaenoides swims over a sandy substrate, with scattered small particles visible in the surrounding area.",src/data/Fathomnet-by-Phylum-2/images/original/48f8a004-973f-44c4-aad7-58069b156a0d_original.jpg
"Silvery Coryphaenoides glides above a rocky seafloor, interspersed with patches of soft mud and silt.",src/data/Fathomnet-by-Phylum-2/images/original/49ab0849-5b50-416e-8352-a8974bd672f2_original.jpg
"Across a rugged talus substrate, a slender Coryphaenoides glides among the dark, angular rocks, showcasing its elongated body and streamlined shape.",src/data/Fathomnet-by-Phylum-2/images/original/49f8eddb-5ee3-40ed-b536-89a52172563f_original.jpg
"On a rocky seafloor, a Bathyraja spinosissima displays a flattened body with a pale coloration and distinctive patterns along its edges.",src/data/Fathomnet-by-Phylum-2/images/original/4a2934fb-4ae3-4c14-8eaa-7f56dbfc407d_original.jpg
"Antimora microlepis swims over a rocky substrate, displaying a dark coloration with lighter patches against the textured seafloor.",src/data/Fathomnet-by-Phylum-2/images/original/4a4deb91-5e33-4766-bf14-d419d764e2aa_original.jpg
"Hymenaster sp. exhibits a pale pink coloration against a backdrop of dark, textured volcanic rock.",src/data/Fathomnet-by-Phylum-2/images/original/4acd0930-32c2-403b-917f-050f37a5c04c_original.jpg
"On a rugged basalt rock, a pink Synallactes rests, showcasing its elongated, smooth body against the dark, textured substrate.",src/data/Fathomnet-by-Phylum-2/images/original/4b9431dc-ff07-4eac-992b-24c27e7bb828_original.jpg
"A dark-colored Antimora microlepis swims above a sandy seafloor, with faint patterns of sediment visible beneath the water's surface.",src/data/Fathomnet-by-Phylum-2/images/original/4bdbddcc-095a-4636-91b4-c500d3763781_original.jpg
"A Cystechinus giganteus with a rough, spiny texture rests on a sandy seafloor, surrounded by patches of silt and rock.",src/data/Fathomnet-by-Phylum-2/images/original/4caf2603-ce84-40e4-b44c-b2a78b07058d_original.jpg
"A Macrouridae rests on a rugged, uneven rock substrate, surrounded by a muted blue backdrop of deep-sea water.",src/data/Fathomnet-by-Phylum-2/images/original/4cfa4db8-d814-4cf7-8858-097aa1786bcd_original.jpg
"Across a rocky seafloor, a dark Antimora microlepis swims near a crinoid, blending with the muted colors of the substrate.",src/data/Fathomnet-by-Phylum-2/images/original/4d193119-f41f-4189-9676-242ab4a0f7e1_original.jpg
"A reddish-brown Opisthoteuthis cf. californiana rests on a sandy seafloor, displaying smooth skin and prominent eyes.",src/data/Fathomnet-by-Phylum-2/images/original/4ddd8fc7-b312-492e-9ca5-6d6f5d9c0300_original.jpg
"Vibrant pink coral, Paragorgia arborea, contrasts against the dark, rocky substrate, showcasing intricate branching structures amidst the surrounding silt.",src/data/Fathomnet-by-Phylum-2/images/original/4e07dacc-7fe1-4573-82a4-bc30418243b0_original.jpg
"Textured, dark rocks cover the seafloor, with a solitary Coryphaenoides blending into the rocky substrate beneath the murky water.",src/data/Fathomnet-by-Phylum-2/images/original/4ebf73c3-a4c4-4018-8b5d-47dc1002d637_original.jpg
"A dark, elongated Antimora microlepis glides over a sandy seafloor dotted with rocks and silt.",src/data/Fathomnet-by-Phylum-2/images/original/50ae611e-1c2c-47b9-8371-5db5a9895475_original.jpg
"Coryphaenoides sp. swims near a large, pale Porifera on a dark, silt-covered seafloor.",src/data/Fathomnet-by-Phylum-2/images/original/50b89c53-03e8-49cb-95b4-073c450a2695_original.jpg
"Atop a muddy seafloor, a pale pink Opisthoteuthis cf. californiana drifts, showcasing its rounded body and prominent fins.",src/data/Fathomnet-by-Phylum-2/images/original/515be2d2-e6cd-4b6a-9e4a-42503f088388_original.jpg
"Coryphaenoides sp. swims above a rocky seafloor, showcasing its elongated body and pale coloration against the dark substrate.",src/data/Fathomnet-by-Phylum-2/images/original/518d7eb7-0099-4e9f-b611-aa760d993d32_original.jpg
"Bathyraja spinosissima glides over a rocky seafloor, showcasing its elongated body and distinctive spines against the dark backdrop.",src/data/Fathomnet-by-Phylum-2/images/original/520afa30-41c9-4f68-8a8b-abb61544b922_original.jpg
"On a rugged basalt rock substrate, a single isopod with a segmented body and dark coloration crawls among the uneven surfaces.",src/data/Fathomnet-by-Phylum-2/images/original/53188c63-a6f6-44ea-9043-1224317e4f4b_original.jpg
"A Peniagone floats above dark, textured rock, contrasting with the smooth, muted tones of the seafloor substrate.",src/data/Fathomnet-by-Phylum-2/images/original/557ad428-009a-41ca-8ddf-59cc662b2781_original.jpg
"On a rugged basalt rock, two Synallactes exhibit elongated, translucent bodies with a pinkish hue against the dark substrate.",src/data/Fathomnet-by-Phylum-2/images/original/55dd270f-6fc2-434d-9745-c8bad851eb67_original.jpg
"Across a rocky seafloor, a Synallactes exhibits a slender, elongated body with a muted coloration, blending into the substrate.",src/data/Fathomnet-by-Phylum-2/images/original/566da252-c5b0-4857-900f-2626b9782cd8_original.jpg
"Munnopsidae inhabit rocky substrates, displaying a pale coloration against the dark, textured surface of the seafloor.",src/data/Fathomnet-by-Phylum-2/images/original/56d75631-464f-46b7-8d47-2269a557dbf3_original.jpg
"Bathyraja spinosissima glides over a rocky seafloor, displaying a pale gray body with a flattened shape and prominent eyes.",src/data/Fathomnet-by-Phylum-2/images/original/56fde1a6-b7e3-4c19-8af6-0306aca24144_original.jpg
"A pale Solaster hypothrissus rests on a rocky substrate, displaying its numerous arms against the sandy seafloor.",src/data/Fathomnet-by-Phylum-2/images/original/570012e2-5b86-4e8c-97f2-e24268008851_original.jpg
"Synallactes inhabit rocky substrates, displaying a dark, textured body against the uneven, silt-covered seafloor.",src/data/Fathomnet-by-Phylum-2/images/original/57e7e0a0-4e48-41cc-b444-25c7b5e620c8_original.jpg
"A Coryphaenoides rests on a rocky seafloor, surrounded by fine silt and scattered debris, with faint light filtering through the water.",src/data/Fathomnet-by-Phylum-2/images/original/58bef40c-7c9f-4174-abe1-8f6522b2e905_original.jpg
"A Coryphaenoides and a Laetmogone rest on a rocky seafloor, surrounded by dark, textured stones and patches of silt.",src/data/Fathomnet-by-Phylum-2/images/original/59d4935c-d690-4115-b0be-4861995c0857_original.jpg
"On a rocky seafloor, a Synallactes is observed, blending with the textured surface of the substrate.",src/data/Fathomnet-by-Phylum-2/images/original/5de95318-7f63-4bab-a4cf-0b7139ee7aed_original.jpg
"On a rugged basalt rock substrate, a dark-bodied Antimora microlepis glides over the uneven surface, blending with the rocky terrain.",src/data/Fathomnet-by-Phylum-2/images/original/5e711c56-639a-4222-9cb1-2fa34907ba36_original.jpg
"A dark, elongated Antimora microlepis rests on a rocky seafloor, surrounded by textured sediment and patches of silt.",src/data/Fathomnet-by-Phylum-2/images/original/5ec842d6-e581-4960-8eeb-78c9db3a598e_original.jpg
"On a rugged basalt rock, two Ophiuroidea exhibit a mix of dark and light hues, blending with the surrounding sediment.",src/data/Fathomnet-by-Phylum-2/images/original/60a45d37-0fc1-4896-b5cd-60873c258f88_original.jpg
"On a rugged basalt rock, a pink Crossaster borealis displays its five arms, showcasing a textured surface against the dark background.",src/data/Fathomnet-by-Phylum-2/images/original/61e9a36f-372f-4784-b951-583ac44299c8_original.jpg
"A dark, elongated Antimora microlepis rests among large, textured rocks on a rocky seafloor.",src/data/Fathomnet-by-Phylum-2/images/original/6288cbef-b5b1-4e2e-9615-e86d9b9de704_original.jpg
"On a rugged basalt rock, a Synallactidae rests among the textured surfaces, blending with the muted shades of the seafloor.",src/data/Fathomnet-by-Phylum-2/images/original/62bdd8ba-e6a0-4890-8c95-08bbeca303f6_original.jpg
"A dark, gelatinous Solmissus floats in the deep sea, surrounded by a backdrop of silt and the abyssal blue.",src/data/Fathomnet-by-Phylum-2/images/original/6312278a-c982-45c4-a4a0-e02de7fd5b27_original.jpg
"Translucent, elongated Tunicata glides over a rocky seafloor, accompanied by a slender, pale Pannychia amidst patches of dark silt.",src/data/Fathomnet-by-Phylum-2/images/original/63a1de4f-0fa5-438d-b9c8-2ed5bfc7a67c_original.jpg
"A brittle star rests on a rocky substrate, displaying a pale color against the dark, textured surface of the seafloor.",src/data/Fathomnet-by-Phylum-2/images/original/63b47a62-6573-4bfc-96b1-e74be04ec19d_original.jpg
"Translucent Peniagone drifts above a textured dark rock substrate, surrounded by sediment and particulate matter rising from the seafloor.",src/data/Fathomnet-by-Phylum-2/images/original/63d4b8de-1fa2-47bf-b13e-80ffc114cb7c_original.jpg
"Across a rocky seafloor, a translucent siphonophore drifts, its elongated, delicate body contrasting with the dark textures of the substrate.",src/data/Fathomnet-by-Phylum-2/images/original/63dc7abd-52d3-432b-8166-00e6a849efb7_original.jpg
"Translucent Asellota crawls along a rocky substrate, surrounded by murky water and fine silt, showcasing its delicate appendages.",src/data/Fathomnet-by-Phylum-2/images/original/63e493c9-2759-4ad8-a296-53ac09e4c332_original.jpg
"Textured, dark rocks form the seafloor, with a single Brisingida starfish partially visible among the crevices and shadows.",src/data/Fathomnet-by-Phylum-2/images/original/6469e4c5-e5a2-4dab-89d9-d99ebee220f7_original.jpg
"Translucent, elongated Synallactes inhabit a rocky seafloor, contrasting against the dark, textured substrate of basalt and silt.",src/data/Fathomnet-by-Phylum-2/images/original/64e39520-ab90-4f34-8a75-129f63c114a9_original.jpg
"On a rugged basalt rock, a solitary tunicate displays a pale, soft body against the dark, textured surface, surrounded by fine sediment.",src/data/Fathomnet-by-Phylum-2/images/original/656f1397-2962-48f3-b2f0-6d2c9930d788_original.jpg
"Textured, dark substrate features rocky formations with scattered Synallactidae, blending into the surrounding silt and mud environment.",src/data/Fathomnet-by-Phylum-2/images/original/657104a4-6700-4568-b3a4-fc008faa6896_original.jpg
"Zoantharia sp. exhibit white, branching structures against a rocky substrate, contrasting with the dark textures of the surrounding rock.",src/data/Fathomnet-by-Phylum-2/images/original/65c1781d-359f-4b1a-ad4b-0ac479e238d5_original.jpg
"Textured dark rock substrate hosts a solitary starfish and a vibrant anemone, contrasting against the muted seafloor environment.",src/data/Fathomnet-by-Phylum-2/images/original/65fa4c47-9603-4308-aa42-01f5a086678f_original.jpg
"Textured, dark rocks cover the seafloor, interspersed with patches of silt, providing a habitat for Munidopsis.",src/data/Fathomnet-by-Phylum-2/images/original/661771f2-7231-423d-b5e6-eecae59a4414_original.jpg
"Across a rocky seafloor, a Bathyraja spinosissima glides, showcasing its elongated body and broad pectoral fins against the dark backdrop.",src/data/Fathomnet-by-Phylum-2/images/original/671fa775-5a7f-419a-868a-9b16fdd5d237_original.jpg
"Translucent, gelatinous body of Psychrolutes phrictus rests on a sandy seafloor, surrounded by textured rock formations and patches of silt.",src/data/Fathomnet-by-Phylum-2/images/original/674c570c-52f5-4b5f-aab5-5710299df29c_original.jpg
"Dark, elongated body of Antimora microlepis gliding above a sandy seafloor, surrounded by rocky outcrops and patches of silt.",src/data/Fathomnet-by-Phylum-2/images/original/67aad265-8a88-4275-8e8c-fac22a989d28_original.jpg
"Textured, dark rocks cover the seafloor, interspersed with patches of light sand, providing a habitat for the Synallactes.",src/data/Fathomnet-by-Phylum-2/images/original/68a6aa73-d28b-436f-ac84-b7cc7f45cb5d_original.jpg
"Textured pink Hymenaster starfish rests on a dark, rocky seafloor, contrasting with the rough black substrate.",src/data/Fathomnet-by-Phylum-2/images/original/68ce135f-af03-4081-bce4-11afc3764776_original.jpg
"A Synallactes rests on a rocky seafloor, surrounded by dark, textured surfaces of volcanic rock and sediment.",src/data/Fathomnet-by-Phylum-2/images/original/6a3b7c16-dc62-4ff7-b0e2-bcffde6bacbd_original.jpg
"A pale Bathyraja spinosissima glides above a rocky seafloor, showcasing its flattened body and broad pectoral fins against the dark background.",src/data/Fathomnet-by-Phylum-2/images/original/6b4f0660-d7ad-4e96-a7c3-3d893f5e660c_original.jpg
"Translucent Coryphaenoides glides over a textured basalt substrate, surrounded by dark silt and rocky formations on the seafloor.",src/data/Fathomnet-by-Phylum-2/images/original/6c350b92-7605-4628-8b25-dfca4989aabb_original.jpg
"Psychrolutes phrictus rests on a rocky seafloor, displaying a pale, gelatinous body against the dark sediment.",src/data/Fathomnet-by-Phylum-2/images/original/6d4e6f77-e476-4926-8fae-302a9dbfaa60_original.jpg
"A pale Bathyraja spinosissima glides over a rocky seafloor, showcasing its flattened body and long, slender tail against the dark backdrop.",src/data/Fathomnet-by-Phylum-2/images/original/6d671ab9-42b4-4eb9-b88f-c51a3d5ca0e3_original.jpg
"On a rugged basalt rock, a single Munnopsidae is observed, showcasing its elongated body and distinct coloration against the dark substrate.",src/data/Fathomnet-by-Phylum-2/images/original/6fd85010-38ed-4535-8278-f39df1203c58_original.jpg
"On a rugged basalt rock, two Psathyrometra fragilis and one Macrouridae inhabit the textured surface, blending with the dark surroundings.",src/data/Fathomnet-by-Phylum-2/images/original/718392e2-425d-4266-910b-1e76888e4653_original.jpg
"Translucent Euplectellidae with a bulbous, white body rests on a rocky seafloor, surrounded by dark, angular stones and silt.",src/data/Fathomnet-by-Phylum-2/images/original/721c0e83-16ae-41cd-8237-6e0cc92e6b79_original.jpg
"Hymenaster exhibits a reddish-brown coloration, resting on a sandy substrate near rocky formations on the seafloor.",src/data/Fathomnet-by-Phylum-2/images/original/7282f04a-da91-4032-b03d-179e5a301899_original.jpg
"Pale, flattened body of Bathyraja spinosissima gliding over dark, rocky substrate in a deep-sea environment.",src/data/Fathomnet-by-Phylum-2/images/original/73503d24-2ba6-4369-be9f-58b4f447506c_original.jpg
"A brown Hymenaster rests on a sandy seafloor, surrounded by small rocks and a textured substrate.",src/data/Fathomnet-by-Phylum-2/images/original/7428d7fe-8fbd-4a17-b173-cabe0c648938_original.jpg
"Across a muddy seafloor, a Paulasterias mcclaini displays a rough texture, while an Ophiuroidea with slender arms is partially buried nearby.",src/data/Fathomnet-by-Phylum-2/images/original/74557982-8aaa-4ecb-a8f0-0348a26dc4bf_original.jpg
"Atop a dark blue water column, a translucent Solmissus drifts, its delicate tentacles trailing gracefully in the surrounding particles.",src/data/Fathomnet-by-Phylum-2/images/original/746f8e88-87c3-45bd-994d-0645f0ba3be5_original.jpg
"On a rocky seafloor, a pale Psychrolutes phrictus rests, showcasing its rounded body and large, expressive eyes amidst the dark substrate.",src/data/Fathomnet-by-Phylum-2/images/original/7537b6ae-24f6-4440-9c6b-fcb95832fd0d_original.jpg
"Textured rocky substrate supports a single Synallactes, partially obscured by the surrounding dark silt and shadows of the deep-sea environment.",src/data/Fathomnet-by-Phylum-2/images/original/758ce344-a780-4dbf-988c-2d63a06b4dc2_original.jpg
"A blue Bathyraja spinosissima rests on the sandy seafloor, accompanied by two slender Coryphaenoides swimming nearby.",src/data/Fathomnet-by-Phylum-2/images/original/763521d3-dfe9-4221-ad5c-40d110285b18_original.jpg
"Textured, pale Pteraster rests on a dark, rocky seafloor, showcasing its unique shape and subtle reddish markings against the substrate.",src/data/Fathomnet-by-Phylum-2/images/original/76e12e7b-d213-422c-9879-ff043843be0d_original.jpg
"Translucent, elongated Pannychia moseleyi rests on a rocky seafloor, surrounded by fine silt and patches of mud.",src/data/Fathomnet-by-Phylum-2/images/original/77f98200-7ead-4bab-add0-b7636446794c_original.jpg
"On a rocky seafloor, a translucent Pannychia moseleyi displays long, feathery appendages, blending with the surrounding sediment.",src/data/Fathomnet-by-Phylum-2/images/original/78026949-b615-4ada-9036-111b4be70b46_original.jpg
"Coryphaenoides sp. swims above a rocky seafloor, showcasing its elongated body and pale coloration against the dark substrate.",src/data/Fathomnet-by-Phylum-2/images/original/78ab5828-326d-4d43-9ce6-a62d44a9bc98_original.jpg
"Textured silt substrate supports a single Synallactes, blending with the surrounding dark rocky formations on the seafloor.",src/data/Fathomnet-by-Phylum-2/images/original/78e4d715-223f-4c2a-9c04-a611b2ba970d_original.jpg
"A long, slender physonectae drifts above a rocky substrate in the deep sea, exhibiting a translucent body with delicate, flowing tentacles.",src/data/Fathomnet-by-Phylum-2/images/original/7a6a340d-6d6b-4578-9b1b-62b7dc7d6385_original.jpg
"Synallactes sp. exhibits a pale body against a backdrop of dark, textured rocks and patches of silt on the seafloor.",src/data/Fathomnet-by-Phylum-2/images/original/7a6b9369-1170-43e3-a263-4b459523dd9e_original.jpg
"Across a soft mud seafloor, a pale Bathyraja spinosissima rests, showcasing its broad, flat body and long, slender tail.",src/data/Fathomnet-by-Phylum-2/images/original/7bea8f98-4bc0-4a97-b43e-4be5b24b306b_original.jpg
"Coryphaenoides sp. glides over a rocky seafloor, displaying a slender, elongated body against the dark backdrop of silt and shadows.",src/data/Fathomnet-by-Phylum-2/images/original/7c445f62-8f62-4cf5-a519-4f3a21c40f84_original.jpg
"Across a rocky seafloor, a slender Antimora microlepis with a silvery body and dark spots swims amidst suspended particles.",src/data/Fathomnet-by-Phylum-2/images/original/7d09d140-1be4-4f36-b7e7-e41c3e8cbb0e_original.jpg
"A flat, gray Bathyraja abyssicola rests on a rocky seafloor, blending with the surrounding textures of silt and mud.",src/data/Fathomnet-by-Phylum-2/images/original/7e63d3ea-9f79-4732-a64d-a953e1f32891_original.jpg
"Synallactes exhibit a pale coloration against a backdrop of dark, textured rock and fine silt on the seafloor.",src/data/Fathomnet-by-Phylum-2/images/original/7e8d4feb-e26a-4d9c-9246-cfe369da2a74_original.jpg
"Textured brown Opisthoteuthis cf. californiana rests on a sandy seafloor, blending with the surrounding muted substrate.",src/data/Fathomnet-by-Phylum-2/images/original/7f7898b2-287d-4495-92fc-e5dc63b648ad_original.jpg
"A gray Bathyraja microtrachys rests on a sandy seafloor, surrounded by smooth rocks and soft sediment.",src/data/Fathomnet-by-Phylum-2/images/original/7fc31450-04ee-405b-b5c8-79035947f3a9_original.jpg
"A pale Hymenaster starfish rests on a rocky seafloor, displaying a textured surface against the dark geological backdrop.",src/data/Fathomnet-by-Phylum-2/images/original/7fc7cc4c-d9f3-42aa-b304-8ae6f96e578a_original.jpg
"Pale starfish rests on dark, textured rock substrate, surrounded by a backdrop of rugged geological formations and subtle silt deposits.",src/data/Fathomnet-by-Phylum-2/images/original/807ead0e-c26f-4fe9-b800-95fe3f62711f_original.jpg
"On a rocky substrate, multiple Zoantharia exhibit branching structures with a pale coloration, surrounded by a textured, dark green background.",src/data/Fathomnet-by-Phylum-2/images/original/81382796-651f-4bb9-84c1-8c22e50bdeed_original.jpg
"A pale Opisthoteuthis cf. californiana rests on a rocky seafloor, displaying a rounded body and prominent fins against the textured substrate.",src/data/Fathomnet-by-Phylum-2/images/original/82de0982-5578-4497-96c6-8ab097b0741b_original.jpg
"Across a rocky seafloor, a pale Bathyraja spinosissima glides near dark, textured rocks, accompanied by a Pannychia moseleyi.",src/data/Fathomnet-by-Phylum-2/images/original/831a0392-13eb-4ab5-b43a-2f4fd4d2ed50_original.jpg
"Munnopsidae inhabit rocky substrates, displaying a pale coloration against the dark, textured surface of the seafloor.",src/data/Fathomnet-by-Phylum-2/images/original/83e999b6-80aa-48ce-8794-72cb7643f3c9_original.jpg
"Textured, pale Psychrolutes phrictus rests among dark, uneven rocks on the seafloor, partially hidden beneath a rocky overhang.",src/data/Fathomnet-by-Phylum-2/images/original/84f4181e-0d5c-490a-902d-2d4e9d28999d_original.jpg
"Coryphaenoides acrolepis exhibits a pale coloration against a backdrop of dark, uneven rock substrate on the seafloor.",src/data/Fathomnet-by-Phylum-2/images/original/85f39cfe-0173-4645-8994-e1389c54c88b_original.jpg
"On a rocky substrate, a vibrant Paragorgia arborea displays its branching structure, adorned with numerous pink polyps.",src/data/Fathomnet-by-Phylum-2/images/original/86408189-0ffa-48e9-b27a-18af0413d805_original.jpg
"Opisthoteuthis cf. californiana exhibits a reddish-brown hue, resting on a rocky substrate in a dimly lit underwater environment.",src/data/Fathomnet-by-Phylum-2/images/original/865a6253-8bea-4c72-8795-c3e55c85842b_original.jpg
"Translucent Peniagone rests on a soft silt substrate, showcasing its elongated body and delicate appendages against the muted ocean floor.",src/data/Fathomnet-by-Phylum-2/images/original/888f0153-ff83-46ba-9ddf-2fc3f41c7630_original.jpg
"Textured sandy substrate hosts a Cystechinus giganteus, exhibiting a pale, spiny surface, partially embedded in the surrounding sediment.",src/data/Fathomnet-by-Phylum-2/images/original/88bbf764-5a3d-4a8c-bb18-dbf2b7716208_original.jpg
"Textured, sandy substrate hosts a yellow Hippasteria starfish amidst clusters of Cladorhizidae, creating a diverse seafloor habitat.",src/data/Fathomnet-by-Phylum-2/images/original/89f52ffb-4ff2-460d-9534-64df47fdfc65_original.jpg
"Across a muddy seafloor, a slender Coryphaenoides glides near rugged basalt formations, showcasing its elongated body and pale coloration.",src/data/Fathomnet-by-Phylum-2/images/original/8a5a33af-5ce4-4749-99b5-be9b3a4a8320_original.jpg
"A pale Opisthoteuthis cf. californiana rests on a sandy substrate, surrounded by dark, textured rocks.",src/data/Fathomnet-by-Phylum-2/images/original/8b50bce3-04d2-492f-b48c-8fc21997c26e_original.jpg
"Textured, pink Pteraster rests on a rugged, rocky seafloor, surrounded by dark, irregular stones and patches of silt.",src/data/Fathomnet-by-Phylum-2/images/original/8b51f908-5f26-4982-8a14-d0c329233b8d_original.jpg
A white Parantipathes with branching structures and a pink Holothuroidea resting on a rocky seafloor covered in dark silt.,src/data/Fathomnet-by-Phylum-2/images/original/8c0419d9-b33e-4bce-8735-f64b422292c4_original.jpg
"Textured, dark rocks cover the seafloor, interspersed with patches of silt, providing a habitat for the Synallactes.",src/data/Fathomnet-by-Phylum-2/images/original/8c1d1d34-859b-4b8d-a69d-28cbbe621c92_original.jpg
"Bathyraja spinosissima, with a pale underside and elongated tail, rests on a rocky seafloor amidst dark, textured substrates.",src/data/Fathomnet-by-Phylum-2/images/original/8d63cda5-c646-4720-b6b0-9dbd98931686_original.jpg
"Dark, elongated Coryphaenoides acrolepis glides over a rocky seafloor, surrounded by textured silt and scattered stones.",src/data/Fathomnet-by-Phylum-2/images/original/8d66b4b0-3a2b-4fd0-ba78-49e2acae2641_original.jpg
"On a rocky seafloor, three Ceriantharia exhibit long, slender tentacles with a reddish hue, surrounded by dark, textured substrate.",src/data/Fathomnet-by-Phylum-2/images/original/8e7f5a54-bbcc-4d26-8c30-e000df68f955_original.jpg
"Textured pink Pteraster starfish rests on a dark rocky substrate, showcasing its distinct spiny arms against the contrasting seafloor.",src/data/Fathomnet-by-Phylum-2/images/original/8eb9fb01-42a2-4a48-a0d3-c9ca72fbbe3d_original.jpg
"A pale Psychrolutes phrictus rests on a rocky seafloor, surrounded by silt and sparse vegetation.",src/data/Fathomnet-by-Phylum-2/images/original/8f39e373-a9c2-4976-a68e-ae72405befef_original.jpg
"Textured, pale starfish with elongated arms rests on a rocky seafloor, surrounded by fine silt and sediment.",src/data/Fathomnet-by-Phylum-2/images/original/8f783faa-2772-406f-a8f3-806bba9ca2ab_original.jpg
"Textured, dark rocks cover the seafloor, with faint hints of sediment in the surrounding deep-sea environment.",src/data/Fathomnet-by-Phylum-2/images/original/92b34183-4599-4dc5-9b8c-9afee015b67e_original.jpg
"Textured, pink Paragorgia arborea corals rise from a dark, rocky seafloor, showcasing intricate branching structures against the deep blue backdrop.",src/data/Fathomnet-by-Phylum-2/images/original/953991c0-70f4-4822-a7b6-51f2a8a60db5_original.jpg
"A pink Chrysogorgia with branching, feathery structures is anchored on a rocky seafloor, surrounded by dark, textured rock.",src/data/Fathomnet-by-Phylum-2/images/original/95d22136-1a0d-4f30-9c25-b1f2834bb13b_original.jpg
"Caulophacus sp. exhibits a translucent body against a backdrop of dark, textured rocks, while Munidopsis sp. is partially obscured by sediment.",src/data/Fathomnet-by-Phylum-2/images/original/974e8451-dcc3-4892-befd-e8b1d8bfd8fe_original.jpg
"On a rugged basalt rock, a Pannychia moseleyi displays its elongated, segmented body with a pale coloration against the dark substrate.",src/data/Fathomnet-by-Phylum-2/images/original/987cbdba-d97e-4a7c-91bf-637ad5b5af80_original.jpg
"Antimora microlepis glides over a rocky seafloor, displaying a dark, elongated body against the muted backdrop of silt and sand.",src/data/Fathomnet-by-Phylum-2/images/original/99378616-53dd-410a-8758-43eb7ef5a595_original.jpg
"Ceriantharia exhibit cylindrical, tentacle-covered bodies on a silt substrate, surrounded by a rocky seafloor texture.",src/data/Fathomnet-by-Phylum-2/images/original/9c06ea82-3aae-4db5-a712-bf45d8f0bf6e_original.jpg
"Textured, dark rocks cover the seafloor, with a faint presence of Synallactes blending into the surrounding substrate of silt and mud.",src/data/Fathomnet-by-Phylum-2/images/original/9ce237b9-c2f6-487b-9a48-015a0fc82ca7_original.jpg
"A pale Pterasteridae rests among dark, textured volcanic rock on the seafloor, surrounded by a backdrop of rugged geological formations.",src/data/Fathomnet-by-Phylum-2/images/original/9cf8ee76-148c-48bc-8ba8-7f3f632624e0_original.jpg
"Textured rocks cover the seafloor, with a slender Synallactes gliding among the uneven surfaces of dark volcanic substrate.",src/data/Fathomnet-by-Phylum-2/images/original/9e2514d3-0f76-4e48-85f6-f1f945b1037f_original.jpg
"Across a rocky seafloor, a Zoroaster spinulosus starfish and a Coryphaenoides fish are visible, showcasing various textures and colors.",src/data/Fathomnet-by-Phylum-2/images/original/a124504c-e1ab-443c-843e-8e2f6347a8f2_original.jpg
"Psychrolutes phrictus exhibits a pale, rounded body with a broad head, resting among dark, jagged rocks and silt on the seafloor.",src/data/Fathomnet-by-Phylum-2/images/original/a28a684e-a2da-4139-a5ec-d51a3dcab2ce_original.jpg
"Textured, dark rock formations cover the seafloor, interspersed with patches of silt, providing a habitat for the Macrouridae.",src/data/Fathomnet-by-Phylum-2/images/original/a30c7c5d-a56c-4a1e-a19f-e77a53819f07_original.jpg
"On a soft mud substrate, clusters of Paragorgia arborea exhibit a pinkish hue, showcasing their branching structure against the dark background.",src/data/Fathomnet-by-Phylum-2/images/original/a3675720-3de0-4429-a640-067eb8c9ea66_original.jpg
"Textured, dark rocks form the seafloor, with a pale Pteraster blending into the substrate, surrounded by silt and mud.",src/data/Fathomnet-by-Phylum-2/images/original/a451d823-717b-41dd-8f11-bca1a617ca82_original.jpg
"Across a sandy seafloor, a pale Psychrolutes phrictus glides above textured patterns, showcasing its rounded body and large, expressive eyes.",src/data/Fathomnet-by-Phylum-2/images/original/a4ecf41d-2a97-438f-9dbf-fff633560f43_original.jpg
"Opisthoteuthis cf. californiana exhibits a vibrant orange hue against a backdrop of dark, textured rocks on the seafloor.",src/data/Fathomnet-by-Phylum-2/images/original/a5188e36-ef01-41bc-9f12-1890c11cb1b9_original.jpg
"Pale, rounded body of a Psychrolutes phrictus rests on a rocky seafloor, surrounded by dark silt and scattered sediment.",src/data/Fathomnet-by-Phylum-2/images/original/a520109b-ae85-4020-8c94-9e93a6adb291_original.jpg
"Across a muddy seafloor, a single Ceriantharia displays its elongated, tube-like structure amidst scattered sediment and faintly visible detritus.",src/data/Fathomnet-by-Phylum-2/images/original/a5d12d4b-6e69-420b-9316-21951635d016_original.jpg
"Antimora microlepis exhibits a dark gray body with prominent blue eyes, hovering over a rocky seafloor.",src/data/Fathomnet-by-Phylum-2/images/original/a83efd1c-3142-41f9-9e1e-8389ef953017_original.jpg
"Textured, dark rocks form the seafloor, with a single Holothuroidea partially buried in the surrounding silt.",src/data/Fathomnet-by-Phylum-2/images/original/a8580f72-0371-478c-b9a3-1c673da63771_original.jpg
"Dark, elongated Antimora microlepis glides over a sandy seafloor, surrounded by rocky outcrops and fine sediment.",src/data/Fathomnet-by-Phylum-2/images/original/a8b47b61-389d-480a-840e-e10b6737316b_original.jpg
"Bathyraja abyssicola glides over a textured sandy substrate, displaying a muted gray coloration and a broad, flat body shape.",src/data/Fathomnet-by-Phylum-2/images/original/a8b95b83-be6d-485b-8aa6-221c47518047_original.jpg
"Hymenaster exhibits a pale, soft-bodied form with a textured surface, resting on a rocky seafloor.",src/data/Fathomnet-by-Phylum-2/images/original/a8ef7273-acb4-408f-8742-b5bf9a7a2a6c_original.jpg
"Coryphaenoides acrolepis swims over a rocky substrate, displaying a streamlined body and a bluish-gray coloration against the dark rocks.",src/data/Fathomnet-by-Phylum-2/images/original/aa1f4685-66d1-47ab-9e86-5f8a4011dd40_original.jpg
"On a rocky seafloor, a Bathyraja spinosissima glides smoothly, displaying a pale gray body with a flattened shape and long, slender tail.",src/data/Fathomnet-by-Phylum-2/images/original/aa287465-854c-44bb-8ecd-a9f5ab0844b3_original.jpg
"On a rocky seafloor, a Coryphaenoides acrolepis swims, its elongated body and pale coloration contrasting with the dark substrate.",src/data/Fathomnet-by-Phylum-2/images/original/ac0c9d2e-41c8-45a6-b1f7-a05347d76488_original.jpg
"Opisthoteuthis cf. californiana exhibits a rounded, reddish-brown body with a smooth texture, resting on a sandy seafloor.",src/data/Fathomnet-by-Phylum-2/images/original/ad7ffee7-c8c3-4277-a396-7a6296019944_original.jpg
"A pale Psychrolutes phrictus rests among dark rocks and silt, its gelatinous body blending with the surrounding environment.",src/data/Fathomnet-by-Phylum-2/images/original/ade3d7cf-2ee8-4320-9d54-66113f046737_original.jpg
"A pale Bathyraja spinosissima with a smooth, flat body rests on a rocky seafloor, showcasing its broad pectoral fins.",src/data/Fathomnet-by-Phylum-2/images/original/ae2b8fd4-7af3-45f4-8373-aac60e7c760d_original.jpg
"A dark-colored Antimora microlepis swims above a sandy seafloor, with a rocky substrate visible in the background.",src/data/Fathomnet-by-Phylum-2/images/original/b0846205-0ba9-45ec-a60f-e2aab2d1f2bc_original.jpg
"Bathyraja spinosissima glides over a rocky substrate, exhibiting a flat, disc-shaped body with a mottled gray coloration.",src/data/Fathomnet-by-Phylum-2/images/original/b1043bea-246e-464f-88ed-22cbd742a28e_original.jpg
"On a rocky seafloor, a single Coryphaenoides swims, displaying a slender body with a bluish hue against the dark substrate.",src/data/Fathomnet-by-Phylum-2/images/original/b110ea1e-3c9f-41d9-b371-d5cd3ef6d08c_original.jpg
"Translucent Pannychia moseleyi glides over a rocky substrate, its elongated body adorned with delicate bristles against the dark, textured rock.",src/data/Fathomnet-by-Phylum-2/images/original/b33aa754-046e-4c7a-bcc5-1660da9ef0d1_original.jpg
"A white Chrysogorgia with delicate branches rests on a sandy seafloor, accompanied by a few scattered rocks.",src/data/Fathomnet-by-Phylum-2/images/original/b44b49a4-5760-42bc-81cf-c4e6ac3b3928_original.jpg
"Pteraster exhibits a pink, star-shaped body resting on a sandy substrate, surrounded by small rocks in the deep-sea environment.",src/data/Fathomnet-by-Phylum-2/images/original/b4fe74b2-b7f1-437d-8db1-a14a15497a2d_original.jpg
"A slender Coryphaenoides swims over a rocky seafloor, surrounded by textured boulders and patches of fine sediment.",src/data/Fathomnet-by-Phylum-2/images/original/b59e5e78-6622-4a7c-8814-ef465006ccf0_original.jpg
"Psychrolutes phrictus swims above a rocky seafloor, displaying a pale, mottled body with a rounded shape and soft texture.",src/data/Fathomnet-by-Phylum-2/images/original/b784d58d-9e6d-4d2c-9117-fad7801d8e57_original.jpg
"A Munidopsis crab clings to a white, tubular sponge on a rocky seafloor, surrounded by dark silt.",src/data/Fathomnet-by-Phylum-2/images/original/b8003654-ef7e-4265-8e4d-b5d03cb0b9b4_original.jpg
"A Comatulida with long, slender arms rests on dark, rough rock, while a Synallactes is partially hidden among the jagged stones.",src/data/Fathomnet-by-Phylum-2/images/original/b943bef6-2e8d-4766-b70f-df3e5f174e10_original.jpg
"Textured, grayish-brown Bathyraja abyssicola rests on a sandy seafloor, blending seamlessly with the surrounding substrate.",src/data/Fathomnet-by-Phylum-2/images/original/ba42e604-734d-4758-baa9-fab17ad7325a_original.jpg
"Textured pink colonies of Paragorgia arborea extend across a dark rocky substrate, showcasing intricate branching patterns against the deep-sea backdrop.",src/data/Fathomnet-by-Phylum-2/images/original/ba4ec967-e4b8-4cde-87ac-ae41bce3c842_original.jpg
"On a rugged basalt rock, a Synallactes displays a pinkish hue against the dark, textured surface of the substrate.",src/data/Fathomnet-by-Phylum-2/images/original/bac07da7-41b2-4e6a-98ba-277a0442669b_original.jpg
"A gray Psychrolutes phrictus with a rounded body and small fins rests on a rocky seafloor, partially hidden in a crevice.",src/data/Fathomnet-by-Phylum-2/images/original/bb5367f5-0bf3-4998-a25c-ae6d72044cdd_original.jpg
"On a rocky seafloor, a Bathyraja spinosissima displays a flattened body with a smooth, gray texture and distinctive white spots.",src/data/Fathomnet-by-Phylum-2/images/original/bb8f49a5-21ad-4354-93a4-806005e61586_original.jpg
"Textured pink gorgonian coral, Paragorgia arborea, extends across a rocky seafloor, contrasting with the dark geological substrate.",src/data/Fathomnet-by-Phylum-2/images/original/bb9f0d74-051b-4787-a9b0-f283077d273f_original.jpg
"Bathyraja spinosissima glides over a sandy substrate, displaying a broad, flat body with a pale coloration and distinct fin edges.",src/data/Fathomnet-by-Phylum-2/images/original/bc35cf0c-283c-48af-88f0-b2e2ac2d0279_original.jpg
"On a rugged basalt rock substrate, a single Synallactes is observed among the textured, dark surfaces of the seafloor.",src/data/Fathomnet-by-Phylum-2/images/original/bcab4d59-2b0f-4acc-b68f-a87f2fc799a2_original.jpg
"Textured volcanic rock substrate interspersed with patches of silt, featuring a solitary Synallactes with a translucent body against the dark seafloor.",src/data/Fathomnet-by-Phylum-2/images/original/bf3b68a1-2511-42a7-90c1-707a5d76d0cb_original.jpg
"Textured, grayish Bathyraja spinosissima glides over a rocky seafloor, showcasing its broad pectoral fins and distinctive spotted pattern.",src/data/Fathomnet-by-Phylum-2/images/original/bf3bc9a7-d11d-4a9a-9e4b-16ac2169e9fd_original.jpg
"Textured, pale Hymenaster starfish rests on a rocky seafloor, surrounded by dark silt and crevices.",src/data/Fathomnet-by-Phylum-2/images/original/bf4848b2-6f3c-4c68-9db4-aecebd640d97_original.jpg
"Across a rocky seafloor, a Coryphaenoides acrolepis glides over the uneven surface, blending with the dark textures of the substrate.",src/data/Fathomnet-by-Phylum-2/images/original/bfe19869-4a59-492f-ae07-446d67a4fb04_original.jpg
"On a rugged basalt rock, a pale pink Pteraster displays its star-shaped body adorned with reddish-brown spots.",src/data/Fathomnet-by-Phylum-2/images/original/c0346466-21e3-4f90-ab36-63a1bf239a2c_original.jpg
A pink Paragorgia arborea displays intricate branching structures against a dark substrate of silt.,src/data/Fathomnet-by-Phylum-2/images/original/c07998d9-40ed-4912-bba8-d7e4035be786_original.jpg
"Peniagone sp. exhibits a pale coloration against a dark, rocky substrate, with several individuals scattered across the uneven seafloor.",src/data/Fathomnet-by-Phylum-2/images/original/c07f9072-bb21-4591-b3a0-d6dd19b68a08_original.jpg
"Translucent Antimora microlepis glides over a sandy seafloor, surrounded by patches of dark silt and scattered organic debris.",src/data/Fathomnet-by-Phylum-2/images/original/c1211b39-af32-4ce0-8629-b9f237b8266b_original.jpg
"Bargmannia lata exhibits a slender, elongated body with a translucent appearance, drifting through the dark blue water above a silt substrate.",src/data/Fathomnet-by-Phylum-2/images/original/c3a5f2d5-ec70-4130-9028-470e601fbf2a_original.jpg
"A Coryphaenoides rests among dark, irregular rocks on a rocky seafloor, surrounded by patches of silt and sediment.",src/data/Fathomnet-by-Phylum-2/images/original/c8433d2b-a9ff-491e-abfe-50e26a89f547_original.jpg
"Textured, pale Psychrolutes phrictus rests on a rocky substrate, surrounded by dark silt and shadowy crevices in the deep-sea environment.",src/data/Fathomnet-by-Phylum-2/images/original/c96a4cd6-4b8d-4d6f-b84d-03b13b0ecc95_original.jpg
"Silvery, elongated fish glides over a rugged rock substrate, showcasing a streamlined body and large eyes against the dark seafloor.",src/data/Fathomnet-by-Phylum-2/images/original/cae70be6-7fd2-4703-940f-e1f5b4d43f74_original.jpg
"Across a sandy seafloor, a Coryphaenoides fish rests near smooth, rounded rocks, blending into the muted colors of the environment.",src/data/Fathomnet-by-Phylum-2/images/original/cbec2932-30e5-45eb-b383-ee2f52fe38d3_original.jpg
"A Ceriantharia is nestled among rocky substrates, displaying a cylindrical shape with a textured surface, surrounded by sandy sediment.",src/data/Fathomnet-by-Phylum-2/images/original/cc6cb9aa-b3ac-4a20-a827-8cff61589319_original.jpg
"A pink Paragorgia arborea coral stands upright against a dark rocky substrate, showcasing its branching structure and delicate polyps.",src/data/Fathomnet-by-Phylum-2/images/original/cc84cea7-1771-4025-8978-c076f26baf5d_original.jpg
"On a rugged basalt rock, a Synallactes and a Comatulida inhabit the textured surface, showcasing their distinct shapes and colors.",src/data/Fathomnet-by-Phylum-2/images/original/cdecd3e9-6671-49b8-9afb-fe9be465bef9_original.jpg
"A white Chrysogorgia pinnata with branching structures and a brown Porifera on a rocky seafloor, surrounded by patches of silt.",src/data/Fathomnet-by-Phylum-2/images/original/cec69846-3cd6-4811-9b86-92f1186f5f79_original.jpg
"On a rocky seafloor, a delicate Chrysogorgia pinnata displays its branching structure, adorned with small, white polyps.",src/data/Fathomnet-by-Phylum-2/images/original/ced793e4-1030-4df0-852c-affeb09c5134_original.jpg
"Chrysogorgia pinnata exhibits a delicate, branching structure with a pale color, situated on a soft silt substrate.",src/data/Fathomnet-by-Phylum-2/images/original/cee4205b-64a6-44a3-925d-3a168b2dcf85_original.jpg
"Textured, dark rocks cover the seafloor, with two Synallactes exhibiting a pale hue against the muted backdrop of silt.",src/data/Fathomnet-by-Phylum-2/images/original/d0f70369-b620-4218-881f-b0774b844252_original.jpg
"Coryphaenoides sp. observed near a rocky substrate, blending with the dark blue waters and scattered sediment particles.",src/data/Fathomnet-by-Phylum-2/images/original/d14824f9-40e8-403b-a064-c9b6ace9ab92_original.jpg
"On a rocky seafloor, a Pannychia is observed, its textured body blending with the surrounding substrate.",src/data/Fathomnet-by-Phylum-2/images/original/d1d7c795-cc3b-4059-99a3-f1a7256bbcc1_original.jpg
"A dark, elongated Antimora microlepis rests on a sandy seafloor, surrounded by patches of silt and subtle geological textures.",src/data/Fathomnet-by-Phylum-2/images/original/d202db2b-24d3-43a3-9b3c-d45fe02a0ca9_original.jpg
"A pale Peniagone rests on a rocky seafloor, surrounded by dark silt and faint light from the depths above.",src/data/Fathomnet-by-Phylum-2/images/original/d25cfb7b-3f82-4c9e-9df8-a299c783b8fd_original.jpg
"A Pannychia moseleyi with a reddish hue rests on a silt substrate, surrounded by a muted landscape of rocks and sediment.",src/data/Fathomnet-by-Phylum-2/images/original/d2d6b0cf-65bb-4274-94b2-d232581cb426_original.jpg
"Textured, dark volcanic rock forms the seafloor, with a single Coryphaenoides gliding over the rugged terrain.",src/data/Fathomnet-by-Phylum-2/images/original/d2f6da09-6c7f-4fc9-8205-7d88d8dced01_original.jpg
"Silvery Antimora microlepis glides over a rugged, rocky seafloor, surrounded by dark silt and scattered debris.",src/data/Fathomnet-by-Phylum-2/images/original/d3657b60-e7e2-4b67-b3cf-f180958ed243_original.jpg
"A white Pteraster starfish rests on a rocky seafloor, showcasing its five arms and textured surface against the muted background.",src/data/Fathomnet-by-Phylum-2/images/original/d480b79b-2f36-4561-bd36-b448264f44e2_original.jpg
"On a rugged basalt rock, a single Poralia rufescens displays its translucent, bell-shaped body against the textured substrate.",src/data/Fathomnet-by-Phylum-2/images/original/d4bd82ee-66f4-46c1-8e9c-66e331793a13_original.jpg
"Coryphaenoides sp. swims near a rocky substrate, while an Asteroidea displays its arms on the silt-covered seafloor.",src/data/Fathomnet-by-Phylum-2/images/original/d4d8c9f3-fc3c-479a-8f5a-ac10521fbabd_original.jpg
"A dark, rocky seafloor features Antimora microlepis, a slender fish with a silvery sheen, amidst textured, uneven rock formations.",src/data/Fathomnet-by-Phylum-2/images/original/d569f03e-3a28-42bb-b02c-e839c615895c_original.jpg
"Pteraster exhibits a pale coloration against a backdrop of dark, rugged rock substrate, surrounded by scattered red organisms on the seafloor.",src/data/Fathomnet-by-Phylum-2/images/original/d5cbfffd-8a95-4761-a8a6-efdb74f5d2c6_original.jpg
"A dark-colored fish swims over a rocky seafloor, accompanied by a starfish and a sea cucumber among the textured substrate.",src/data/Fathomnet-by-Phylum-2/images/original/d5cea595-a653-4ebd-9d54-752ea1530b74_original.jpg
"Two Synallactes inhabit a rocky seafloor, surrounded by textured gray rocks and a backdrop of deep blue water.",src/data/Fathomnet-by-Phylum-2/images/original/d62df391-e837-40ed-8f16-fbeef34a1789_original.jpg
"Across a rugged basalt rock substrate, a single Synallactes displays its elongated, soft-bodied form in muted shades of purple and gray.",src/data/Fathomnet-by-Phylum-2/images/original/d6db282c-d61e-4c0b-9984-6807141dc832_original.jpg
"Textured, dark rocks cover the seafloor, with a solitary Solasteridae starfish partially obscured among the jagged surfaces of the substrate.",src/data/Fathomnet-by-Phylum-2/images/original/d7764b50-4715-470f-b43e-8d6810a3b57f_original.jpg
"Two elongated, translucent Bargmannia elongata drift through dark blue waters, surrounded by fine silt on the seafloor.",src/data/Fathomnet-by-Phylum-2/images/original/d7fde19e-625e-41de-a490-e66ac001c583_original.jpg
"Munnopsidae inhabit rocky substrates, displaying a pale body against dark, textured surfaces, surrounded by silt and scattered debris.",src/data/Fathomnet-by-Phylum-2/images/original/d8ab250e-0086-45ae-93ae-1694ebb9f560_original.jpg
"Across a rocky seafloor, a pale Psychrolutes phrictus rests near textured boulders, blending into the muted underwater landscape.",src/data/Fathomnet-by-Phylum-2/images/original/d8c29f5b-898d-4660-90d9-b6544d5da283_original.jpg
"Translucent Macrouridae rests on a dark, rocky seafloor, surrounded by patches of silt and mud.",src/data/Fathomnet-by-Phylum-2/images/original/dad27d25-2a59-4b02-8b41-e074fd998206_original.jpg
"A pale Hymenaster starfish rests on a rocky seafloor, showcasing its star-shaped body and textured surface against dark geological formations.",src/data/Fathomnet-by-Phylum-2/images/original/db28e17c-4846-4f24-a764-f22e48f8d929_original.jpg
"Dark, elongated body of Antimora microlepis rests on a sandy seafloor, surrounded by fine silt and scattered debris.",src/data/Fathomnet-by-Phylum-2/images/original/dd3280cc-2814-473b-995f-81208b690843_original.jpg
"Synallactes exhibit a pale pink, elongated body on a rocky seafloor, surrounded by dark textures and crevices.",src/data/Fathomnet-by-Phylum-2/images/original/dd465fe8-ccdb-4d72-9176-fa81ec14a650_original.jpg
"Antimora microlepis, a dark-colored fish, rests among rocky substrates in a deep-sea environment.",src/data/Fathomnet-by-Phylum-2/images/original/de4b3cb3-3aff-474d-8fc4-1a356a81da3f_original.jpg
"On a rugged basalt rock, a pale Pteraster starfish rests among dark, textured stones, while a Swima bombiviridis swims nearby.",src/data/Fathomnet-by-Phylum-2/images/original/df799c77-f0a8-49e6-bf55-bd461df39bd4_original.jpg
"Antimora microlepis exhibits a dark, elongated body against a backdrop of sandy substrate and scattered rocky formations.",src/data/Fathomnet-by-Phylum-2/images/original/dfaa4b8b-c560-4510-b3bc-459a6aac378d_original.jpg
"Across a sandy seafloor, a reddish-brown Ceriantharia displays its tentacles, blending with the surrounding fine sediment.",src/data/Fathomnet-by-Phylum-2/images/original/e09975fa-2221-4bc3-8fc5-e04cbe98dca3_original.jpg
"On a rugged basalt rock, a pink Hymenaster displays its textured body against the dark substrate, showcasing its unique shape and coloration.",src/data/Fathomnet-by-Phylum-2/images/original/e2498cb3-1430-4a4b-b5ab-8ac1f3632e15_original.jpg
"Translucent fish glides above a rocky seafloor, showcasing a slender body and a pale coloration against the dark substrate.",src/data/Fathomnet-by-Phylum-2/images/original/e289635c-44d9-4313-8309-5b1ce19f80ae_original.jpg
"Dark, rocky substrate scattered with irregular boulders, hosting a solitary Coryphaenoides blending into the muted seafloor environment.",src/data/Fathomnet-by-Phylum-2/images/original/e361d95a-9e9d-4e60-8dc6-b941f4c545b5_original.jpg
"A Coryphaenoides rests on a rocky seafloor, surrounded by textured sediment and faint light filtering through the water.",src/data/Fathomnet-by-Phylum-2/images/original/e57c6824-276f-4f21-b47c-cb160c2f76c5_original.jpg
"Coryphaenoides acrolepis swims above a rocky substrate, displaying a silvery body against the dark, textured surface of the ocean floor.",src/data/Fathomnet-by-Phylum-2/images/original/e61a8e4b-8a1c-4311-8c52-53308deb464e_original.jpg
"Macrouridae, Macroregonia macrochira, inhabit a sandy seafloor, with a pale, elongated body and a smooth texture against the muted backdrop.",src/data/Fathomnet-by-Phylum-2/images/original/e65a06dc-9628-420a-acef-ce3b182727d0_original.jpg
"Pale, flattened Bathyraja spinosissima glides over a sandy substrate, surrounded by textured rocks in a dimly lit deep-sea environment.",src/data/Fathomnet-by-Phylum-2/images/original/e835a713-a08f-4b61-af86-47df7aff97e2_original.jpg
"Psychrolutes phrictus swims above a rocky seafloor, displaying a pale, rounded body and large, bulbous head against the dark substrate.",src/data/Fathomnet-by-Phylum-2/images/original/e9038dba-e9a1-450f-a565-fde01e5c3504_original.jpg
"A dark-colored Antimora microlepis swims above a sandy seafloor, displaying elongated body and prominent dorsal fin.",src/data/Fathomnet-by-Phylum-2/images/original/e9a03730-e716-4497-a265-800812f09abb_original.jpg
"A pale Bathyraja spinosissima glides over a rocky seafloor, its elongated body blending into the dark waters.",src/data/Fathomnet-by-Phylum-2/images/original/eb185e47-3ee0-4ca8-aba1-522bff86429f_original.jpg
"Antimora microlepis exhibits a dark, elongated body against a rocky seafloor, surrounded by patches of silt and mud.",src/data/Fathomnet-by-Phylum-2/images/original/eb3c3820-7268-419c-94f6-c46b0c6316a2_original.jpg
"A pale Psychrolutes phrictus rests near a rocky ledge, surrounded by dark silt and soft sediment.",src/data/Fathomnet-by-Phylum-2/images/original/eb5f7e23-dc77-48e8-ad9d-8065413f5a7c_original.jpg
"Textured, grayish-brown Bathyraja abyssicola rests on a sandy seafloor, blending with the surrounding substrate.",src/data/Fathomnet-by-Phylum-2/images/original/ebaab37a-a3a0-4354-87a6-904ce1f16b2b_original.jpg
"Textured, pale Cystechinus giganteus rests on a sandy seafloor, surrounded by slender, pink Ophiuroidea with delicate arms extending outward.",src/data/Fathomnet-by-Phylum-2/images/original/ed61f54a-4935-4ca0-8096-355768c46eab_original.jpg
"A pink Synallactes rests on a rocky seafloor, surrounded by dark, textured volcanic rocks and patches of sand.",src/data/Fathomnet-by-Phylum-2/images/original/edafbc40-bf9b-4913-8c0f-bd831444db54_original.jpg
"Macrouridae inhabit a rocky seafloor, characterized by dark, textured surfaces and minimal light penetration, creating a shadowy environment.",src/data/Fathomnet-by-Phylum-2/images/original/eddc7371-c7ed-4522-ac82-fe2fbae1a1b1_original.jpg
"A pale Opisthoteuthis cf. californiana hovers above a rocky seafloor, surrounded by patches of silt and sand.",src/data/Fathomnet-by-Phylum-2/images/original/ef21dbef-b552-44f5-847a-e2bb36ee6b7b_original.jpg
"On a rocky seafloor, a Coryphaenoides glides among the dark, textured surfaces, blending with the shadows of the underwater landscape.",src/data/Fathomnet-by-Phylum-2/images/original/f13d6e70-978d-40d2-bc0c-bd1b45c71f22_original.jpg
"Synallactes exhibit a pale coloration against a backdrop of dark, rough rock and silt on the seafloor.",src/data/Fathomnet-by-Phylum-2/images/original/f2deccc4-9e5f-4f2c-a8bf-899a1517a4dd_original.jpg
"Synallactidae inhabit a rocky seafloor, characterized by dark, textured surfaces and patches of light silt.",src/data/Fathomnet-by-Phylum-2/images/original/f3b9348a-8e3f-4205-b358-07f3c588dc66_original.jpg
"Synallactes inhabit rocky substrates, exhibiting a mottled texture with shades of gray and green against a backdrop of soft mud.",src/data/Fathomnet-by-Phylum-2/images/original/f535b1e8-38d7-4879-a999-20729f01c6f4_original.jpg
"On a rugged basalt rock, a Bathyraja spinosissima glides with a flat, disc-shaped body and a pale coloration, blending into the surroundings.",src/data/Fathomnet-by-Phylum-2/images/original/f59678d4-09ca-4f4d-9a4e-7178fa2976ff_original.jpg
"A dark, elongated Antimora microlepis rests on a rocky seafloor, surrounded by patches of silt and sediment.",src/data/Fathomnet-by-Phylum-2/images/original/f5b67889-4ca9-4f97-b9ec-a12eeb33955b_original.jpg
"Translucent, bulbous body of Opisthoteuthis cf. californiana drifts above a soft, sandy seafloor, surrounded by fine particulate matter.",src/data/Fathomnet-by-Phylum-2/images/original/f5f3ac9a-6f5e-4534-9d9f-3d3c064753e6_original.jpg
"Across a rocky seafloor, a single brittle star (Ophiuroidea) rests amidst a layer of fine sediment and silt.",src/data/Fathomnet-by-Phylum-2/images/original/f727209f-3b4c-49e9-ac26-f744a4cbe2d8_original.jpg
"Textured, dark rock substrate hosts scattered, pale Ceriantharia, with delicate tentacles extending outward amidst a backdrop of silt and mud.",src/data/Fathomnet-by-Phylum-2/images/original/f744e710-8828-45c5-a3fa-0cc9c5715430_original.jpg
"Pale Bathyraja spinosissima rests on a rocky seafloor, its flat body blending with the textured substrate of silt and stone.",src/data/Fathomnet-by-Phylum-2/images/original/f8091391-0176-4476-800b-4fa675e9db95_original.jpg
"Chrysogorgia sp. exhibits a pale pink, branching structure against a backdrop of dark, textured rock substrate.",src/data/Fathomnet-by-Phylum-2/images/original/f80df831-7d97-4084-90e3-e3ed4261e408_original.jpg
"Coryphaenoides sp. exhibits elongated, slender body with a pale coloration, resting on a rocky seafloor.",src/data/Fathomnet-by-Phylum-2/images/original/f8783e54-b93c-4fd6-89ca-02354063b9de_original.jpg
"Atop a dark blue water column, a translucent Aegina drifts with long, slender tentacles trailing below.",src/data/Fathomnet-by-Phylum-2/images/original/f91e2905-93c7-470a-b94e-59fb9a4677f1_original.jpg
"Two pink Paragorgia arborea corals extend from a rocky seafloor, showcasing intricate branching structures against a dark background.",src/data/Fathomnet-by-Phylum-2/images/original/fa05f3eb-7df4-4be5-826b-0ffc193620f9_original.jpg
"A long, translucent siphonophore drifts above a rocky seafloor, surrounded by patches of greenish silt and uneven stones.",src/data/Fathomnet-by-Phylum-2/images/original/fc4f0300-8602-4b52-bf31-e400ff4aecf7_original.jpg
"A Chionoecetes tanneri rests on a rocky substrate, surrounded by textured rocks and dark silt in the deep-sea environment.",src/data/Fathomnet-by-Phylum-2/images/original/fd008e42-e8b8-4b55-9d23-4e23b9d9e2ca_original.jpg
"Translucent sand substrate supports a solitary Coryphaenoides, while dark rocks provide habitat for Zoroasteridae in the deep-sea environment.",src/data/Fathomnet-by-Phylum-2/images/original/fd46af03-260d-4b2a-8d54-eea727262429_original.jpg
"Translucent, elongated fish glides above a textured mud substrate, surrounded by undulating patterns of silt and rock formations.",src/data/Fathomnet-by-Phylum-2/images/original/fd5f6f77-b8aa-4cd2-ab9c-164cc314ef60_original.jpg
"On a rocky seafloor, a pale Psychrolutes phrictus rests among the uneven textures and shadows of submerged stones.",src/data/Fathomnet-by-Phylum-2/images/original/ff05eb9a-7cfa-4869-b995-b62ce7ad2c42_original.jpg
"Across a sandy seafloor, a dark-bodied Antimora microlepis glides over scattered rocks, casting a shadow in the dim light.",src/data/Fathomnet-by-Phylum-2/images/original/ff582fb9-e98f-4b9a-83d3-df276f5ab384_original.jpg
